black,white,silver
with,w
digital,camera,m530
white,black,bisque
case,softshell,sleeve
memory,8gb,4gb,16gb,12gb,6gb
camera,slr,megapixel,1mp,2mp,10mp,0mp,digital,cameras,m341,j38
windows,mac,versions
card,gift,gc,buy
apple,ipod,iphone,ipad,appleâ,ipodâ,ipadâ,slimshell,generation
nintendo,ds,wii,nintendogs,3ds,gamecube,playstation,xbox,psp,360,advance
electric,gas,string
sony,bravia
drive,hard,500gb,400gb,320gb,greendrive,300gb,200gb,750gb,drivestation,640gb
laptop,netbook,notebook,176
battery,lithium,ion,liion,rechargable,lenmar,atg,7v,dv8000
wireless,
silver,black,gray,blue,silvery
series,
hard,drive,500gb,750gb,640gb,320gb,400gb,300gb,200gb,greendrive
steel,stainless,cleansteel,kitchenaid,biscuit,oven,convection,monochromatic,bisque,broiler,satina
stainless,steel,cleansteel,kitchenaid,convection,oven,look,monochromatic,architect,biscuit,satina
playstation,xbox,360,gamecube,ps2,psp,nintendo,wii,ds,guide,advance
lens,slr,dslr,lenses,55mm,28mm,300mm,100mm,telephoto,vrii,24mm
mobile,phones,phone,stratosphere,9670,hd2,captivate,fascinate,marquee,rumor,sprint
pack,
refrigerator,refrigerators,cu,ft,side,freezer,freezers,satina,door,ice2o,ultrafinish
blue,red,purple,pink,green,silver,orange
ipod,apple,iphone,ipodâ,generation,4th,mp3,zune,ipad
side,by,door,refrigerator,ultrafinish,satina,customstyle,ice2o,freezers,monochromatic,counter
samsung,lg
system,
extra,vrii,2mp,2762b003,9mp,sr45,j38,dlsr,3mp
guitar,string,acoustic,guitars,cutaway,bass,rockbass,honeyburst
range,ranges,freestanding,accubake,self,microwave,hood,convection,hotpoint
select,for
built,in,dishwasher
game,guide,advance,boy,gamecube,playstation
package,cq2014,savings,cq50
cable,icable,cablelinks,audioquest,4m,interconnect,cables,1m,vodka,hdmi,2m
xbox,360,playstation,wii,ps3,nintendo,guide,psp,ps2,gamecube
hdtv,720p,1080p,60hz,edtv,480hz,480p,class,120hz,clearscan,regza
processor,intel,core,intelâ,amd,coreâ,athlon,t5800,pentium,t5550,t3400
class,hdtv,60hz,480hz,1080p,720p,240hz,tcl,600hz,120hz,regza
canon,powershot,eos,2762b003,sx230hs,pixma,18mp,xsi,sx30is,40d,sd1300is
phones,mobile,cell,phone,r225,smartphones,nokia,telephones,krzr,7v,hd2
desktop,ub30p,p6520y,s5610y,cq2014,p6674y,s5510y,1154,p6774y,p6540y,p6654y
nikon,coolpix,vrii,l22,l24,s570,slr,s4100,d7000,nikkor,lens
player,mp3,jpeg,govideo
whirlpool,biscuit,maytag,frigidaire,ge,inglis,hotpoint,cleansteel,bisque
home,theater,armless
intel,processor,intelâ,core,i5,i7,atom,pentium,n455,t5800,t2330
mount,worldmount,smartmount,visionmount
phone,phones,mobile,gophone,verizon,answering,unlocked,phonemate,jitterbug,r225,telephone
headphones,earbud,headphone,ear,earphones,earpollution,superbudz,lowrider,neckband,piiq,2xl
wall,axsys
speaker,speakers,each
monitor,ub30p,lcd,1225nbk,9186nbc,p6674y,p6774y,2777nbc,ub20p,fx6840,1408nbc
most,for
gift,buy,best,gc,card,gifted,graduation,kwanzaa,gracias,graduate,trimmings
portable,
frigidaire,gallery,whirlpool,maytag,ge,bisque,cleansteel,inglis,electrolux
refurbished,
best,buy,gc,gift,graduation,gifted,thanks,kwanzaa,trimmings,congratulations,thank
size,full,string,cutaway,stargazer,c7,alvarez,honeyburst
ipad,apple,ipadâ,3rd,iphone,ipod,generation
gray,silver
tribeca,usc,huskies,datastick,fabrique
flat,panel,tvs,highboy,theaterwide,xbr,extends,wega
touch,4th,generation,screen
panel,flat,tvs,highboy,xbr,extends,wega,aoc,elba,visionmount,theaterwide
door,side,ice2o,satina,thru,ice,refrigerator,french,by,water,customstyle
iphone,4s,apple,ipod,3gs,ipad,fabshell
cleaning,self,accubake,cleandesign,freestanding,quickclean,cleandr,convection
freestanding,accubake,convection,self,cleaning,cleandesign,range,standing,ranges,quickclean,cooktop
radio,siriusxm,sirius,siriusconnect,am,boombox,atrac3plus
full,size,string,cutaway,stargazer,wd7s,damien
mouse,optical,mouserug,m325,pad,c571nr
lithium,ion,lenmar,battery,liion,infolithium,atg,pdas,polymer,7v,dv8000
megapixel,camera,ihs,7030,m590,w610,42mm,0mp,1mp
stand,uberstand
camcorder,palmcorder,handycam,07mp,hdc,camcorders,cx150,gzmg130us,sx41,gzms230,gzmg330hus
cycle,washer,efficiency,dryer,steamwasher,supersize,cabrio,steamdryer,chardonnay,colossal,capacity
edition,collector,onza
self,cleaning,accubake,freestanding,cleandesign,convection,range
audio,ionaudio
panasonic,dmc
string,size,cutaway,full,honeyburst,guitar,parlor,schecter,wd10,wd7s,amberburst
theater,home,ch,875w,armless,735w,945w,theaterseatstore,theaterwide,665w,770w
power,
pink,blue,purple
flash,58af,qs,snowdrive,f50
water,ice2o,bottled,ice,door,side,filtered
kitchenaid,architect,stainless,steel,superba,biscuit
dryer,cycle,washer,steamdryer,steamwasher,chardonnay,dryers,gas,mediterranean,laundry,cabrio
core,intel,processor,i5,coreâ,i7,pentium,i3,amd,athlon,2430m
printer,jetprinter,dcp,c5280,printers,9402nbk,9186nbc,copier,mfc,9445nbk,228nbk
1080p,480hz,120hz,hdtv,240hz,60hz,1080i,480p,720p,hz,600hz
dual,
charger,powerduo,chargers
pair,way,speakers,oriented,polyolefine,basalt
dishwasher,tub,tall,jetclean,nautilus,built,integra,woodlike,ascenta,24,broiler
sleeve,slip,slipcase,case
technology,griffin
lenmar,lithium,ion,battery,pdas,laptops,liion,7v,hydride,atg,cadmium
vehicles,later,metra,toyota,acura,1993,1990,isuzu,volkswagen,honda,1989
thru,door,side,ice2o,monochromatic,satina,ultrafinish
adapter,adapters
toshiba,lenovo
profile,ge,cleansteel,bisque,customstyle
display,displays,argento,biscotti,coreâ
microwave,microwaves,ovens,advantium,convection,spacemaker,range,oven
green,blue,orange,red
mini,
satellite,sirius,xmp3
speakers,way,pair,cones,woofer,speaker,basalt,hcl,polyolefine,loudspeakers,each
ready,dcp
oven,convection,ovens,stainless,accubake,steel,advantium,microwave,broiler,rotisserie
channel,channels,qsc
photo,photoimpact,memoryframe,frames
capacity,cycle,steamwasher,centennial,chardonnay,efficiency,washer,supersize,cabrio,steamdryer,capacitor
external,58af,esata,44af,drivestation,3tb,400gb,greendrive,canvio,seagate
maytag,whirlpool,frigidaire,bisque,inglis,ge,cleansteel,gallery,gas,supersize
over,ear
cell,cellstar,phones,nokia,r225,cellsuit,cellstik,t720,ericsson,krzr
generation,4th,generations,3rd,2nd,ipod,6th,bullseye,apple,5th,touch
double,
cordless,answering,dect,gigaset,expandable,dect2000,handset,waiting,9ghz
high,definition
amplifier,amplifiers,preamplifier,vypyr,bridgeable,kxb,bridging,ampeg,multichannel,15w,crossovers
video,govideo
disc,cd,encryptdisc,discgear,koskin,soundkase,ideastream
keyboard,keyboards,keyset
single,coil,singles
games,trademark,billiard,fundex,cue,chavo
leather,leatherskin,recliner,hipcase,armless
tall,tub,dishwasher,jetclean,ascenta,nautilus,woodlike,integra
dell,inspiron,xps,2050nbk,9445nbk,9402nbk,228nbk,197nbk,1225nbk,1408nbc,6736nbc
guide,game,collector,gamecube,trilogy,xbox,strategy,playstation,official,yakuza,ps2
zoom,slr,300mm,telephoto,100mm,lens,dslr,500mm,105mm,70mm,200mm
clock,alarm,clocky,scoreboard
cartridge,cartridges,ink,vizix,faxes,cyan,toner,564xl,smartridge,remanufactured,multipack
trademark,games,billiard,cue,backgammon,global,dart,roulette,tcu,screwdriver,triangle
tripod,flexpod,fh24,h85k,10mp,fs30,ms230,h80k,ms110,sx41
screen,screenclean,touch
convection,oven,freestanding,accubake,ovens,stainless,cleandesign,microwave,self,steel,advantium
monster,monsters,700hd,flatscreen,cablelinks,1m
music,sheet,leonard,hal,slotmusic
belkin,
laptops,omnibook,lenmar,tecra,atg,notebooks,dv8000,powerbook,lithium,pros,netbooks
subwoofer,subwoofers,enclosure,enclosures,sub,ohm,xed,hatchback,atrend,ohms,bandpass
bisque,cleansteel,ge,biscuit,inglis,maytag,hotpoint,frigidaire,cleandesign,profile,white
500gb,750gb,320gb,640gb,400gb,1tb,300gb,200gb,drive,hard,250gb
acoustic,classical,dreadnaught,dreadnought,guitar,wd10,alvarez,research,wd7s,parlor,cutaway
metra,vehicles,later,scosche,toyota,installation,1990,volvo,volkswagen,1993,1984
installation,metra,vehicles,install,din,installer,1984,isuzu,toyota,later,corolla
deluxe,
60hz,720p,480hz,120hz,240hz,hdtv,1080p,600hz,tcl,480p,class
smart,
dslr,slr,300mm,lens,a77,85mm,vrii,dlsr,a65vk,100mm,telephoto
plus,
pavilion,hp,p7,p6674y,p6654y,p6540y,p6774y,p6520y,p6754y,1074,1254
asus,eee,msi
dynex,
earbud,headphones,headphone,ear,earpollution,earbuds,earphones,superbudz
leonard,hal,sheet,songbook,various,instructional,coldplay,composers,johnny,instruction,fake
large,milliken,rug,small
light,
motorola,razr,droid,krzr,nokia,devour,i50sx,a855
washer,cycle,steamwasher,efficiency,washers,dryer,laundry,breakwater,chardonnay,cabrio,dryers
rocketfish,
stereo,stereos
bass,rockbass,guitar,ultrabass,hartke
receiver,receive,receivers,735w,910w,875w,525w,665w,harman,1350
company,tiffany,greatroom
deck,52w,mosfet50,detachable,atrac3plus,dash,mosfet
widescreen,tft,lcd,aoc,swivelscreen,viore,edtv,axion,syncmaster,480p
compact,ultracompact
kodak,easyshare,m763,c813,m893,m863,m341
sports,
advance,boy,gamecube,game,ds,nintendo,playstation
pioneer,kenwood
clear,
state,ohio,iowa,penn,michigan,nc,buckeyes,maryland,states,louisiana,kentucky
headset,headsets,plantronics,bluetooth,jabra,earglove,earset,gamecom,supraplus
notebook,notebooks,laptop
super,superslam,superhero
cases,gator
studio,videostudio,studiophile,studios,stud
microphone,microphones,condenser,cardioid,supercardioid,gooseneck
bluetooth,headset,blueant,headsets,jabra,bluetrek,jawbone
microsoft,
watch,schedule,heart,veteran,rate,glitz,chronograph,ironman
garmin,nüvi,gps,gpsmap,1490t,approach,friction,255wt,streetpilot,nümaps,nuvi
720p,60hz,hdtv,480p,edtv,480hz,1080p,regza,theaterwide,1080i,120hz
purple,blue,pink
platinum,platinumplus
chrome,
universal,
300mm,100mm,200mm,85mm,250mm,dslr,105mm,telephoto,500mm,400mm,slr
collection,cakao,collectible,headboard
olympus,pm1,zuiko,sz,tg,150mm,ihs,8010,vg140
ultra,
dash,52w,deck,decks,mosfet50
network,
filter,filters,filtering,filtration,filtrete
computer,computers
cameras,camcorders,camera
band,
netbook,jetbook,atom,netbooks,n455,slipskin,1005hab,laptop,nextbook,eee,n270
book,instructional,handbook,instruction,1a,construction,method,instructor
gold,
sheet,leonard,hal,music,various,sheets,songbook,composers,artists,fake,coldplay
guitars,dbz,guitar,dreadnaught,qm,honeyburst,banjos,apx,barchetta,bolero,chorus
team,scoreboard,promark,medalist,america,hawkeyes
free,hands,frost
cooktop,cooktops,cleandesign,downdraft,freestanding
time,schedule,glitz,veteran,camp
200mm,100mm,300mm,250mm,210mm,500mm,50mm,400mm,85mm,40mm,900mm
professional,professor
rebel,eos,xsi,t3,t2i,t4i,t1i,t3i,dlsr,2762b003,60d
controller,controllers,controlled,fragfx
expandable,dect,answering,dect2000,gigaset,dkx,handset,9ghz,cordless,8ghz,gigarange
scosche,metra,volkswagen,1989,vehicles,1998,1984,1985,1982,1990,later
brown,
shot,cyber,dsc,w310,w370,h55,w560,w530,t99,wx9,w570
philips,magnavox
port,hub,etherfast,vpn,l2,kvm,gigabit,trendnet,miniview,iogear,mbps
vaio,t2330
insignia,coby,magnavox
micro,
ultimate,ultimatum,support,jamstands
voice,coil,ohms,ohm,he2,l7,compvr,l3
16gb,8gb,32gb,memory,64gb,4gb
steam,steamfast,steamwasher,steamdryer,steamer,haan,breakwater,dryer,steamvac,efficiency,mediterranean
backpack,fastpack
cabinet,
inspiron,dell,15r,9445nbk,798bk,xps,9402nbk,2050nbk,6736nbc,9113bk,565nbk
hdmi,dvi,1000hdx,cable,700hd
coolpix,s4100,nikon,s6100,s6200,l24,l22,l18,s3100,s210,l26
shell,fabshell,softshell,candyshell,videoshell,slimshell
combo,
nano,6th,5th,aerosport
powershot,elph,sx230hs,sd1300is,sx30is,sd1400is,230hs,300hs,sx210is,sx260,sd1100is
express,pci,expresscard,x16,graphics,mukka,gddr3,bialetti,gddr5,5870,gddr2
dark,
gateway,ub10p,dell,ub20p
french,ice2o,door,side
cyber,dsc,shot,h55,t99,w370,w530,w330,wx9,w570,w310
dect,answering,dect2000,gigaset,expandable,handset,cordless,9ghz,handsets,visys,gigarange
architect,kitchenaid,architectural,stainless,monochromatic,superba,biscuit,woodlike
rack,cue,billiard
vacuum,bagless,canister,vacuums,hepa,upright,bagged,eureka,windtunnel,vac,hoover
small,milliken,large,rug
gaming,steelseries,qck
freezer,freezers,refrigerator,cu,side,mug,refrigerators,ft,satina,bottom
blackberry,8530,curve,8900,9630,8520,8330,9900,9530,8310,9670
piece,
dock,
yamaha,
instant,savings,98,186,i1525,122,s6848,169,s7825,a135,177
hits,greatest,hit
fender,stratocaster,telecaster,starcaster,strat,worn
world,worlds
remote,remotes,homeremote
natural,
yellow,magenta
rock,rocksmith,rocks
protector,protectors,protect,protected,protection,surge,surgearrest,protective
laser,laserjet
classic,
optical,mouse,m305,m315
griffin,technology,itrip,iclear,tunebuds,powerblock
elite,
wild,sales,wildcats,tailgate
american,dj
outdoor,outdoors,indoor,sandstone,greatroom
speed,blender,need
schecter,damien,hellraiser,omen,sgr,stargazer,synyster,string,c7,sls,c1
scanner,scanners,scanjet,scanning,flatbed,scanmaker,c5280,sheetfed,jetprinter,copier,canoscan
plasma,600hz,hdtv,viera,480hz
maker,breadmaker,baker,makers,resumemaker,willmaker,bakery
gamecube,advance,boy,playstation,nintendo,ds,guide,ps2,game,wii,xbox
america,scoreboard,team,captain
storage,
paper,brochure,papershow,ilford,paperport
drum,drumfire,drums,snare
color,datacolor,colorimeter,colorsphere
head,
bottom,freezers,customstyle,side,freezer,panorama
orange,green,blue
120hz,240hz,480hz,60hz,1080p,hz,600hz,unisen,hdtv,clearscan,480p
cover,covers
recorder,recorders,series2,recordable,record,records,palmcorder
media,mediawerks,mediashop,smartmedia
mosfet,mosfet50,bridgeable,crossovers,variable,multichannel,760w,52w,bridging,xplod,detachable
disney,tinkerbell,princess,princesses,pixar
biscuit,whirlpool,bisque,cleansteel,superba,stainless,inglis,steel,kitchenaid,architect,ge
upright,bagless,vacuum,hepa,eureka,canister,bagged
each,loudspeakers,loudspeaker,125w,way,speakers,speaker,speakercraft,promonitor,os6,martinlogan
projector,projecta,projectors,dlp,wxga,3lcd,dmd,xga,project,projection,projects
acer,aspire,iconia,lenovo,travelmate,thinkpad
hood,externally,hoods,broan,vented,allure,range,recirculating,canopy
audioquest,vodka,optilink,cable,nrg,toslink,rje,interconnect,cablelinks
catz,mad,gamepad,nfl
router,gigabit,linksys,rangemax,vpn,cisco,rangeplus,mimo,netgear,dsl,11n
star,wars,sith
targus,a7,citygear
solid,
pangea,brands,protoast,fanjams,tumbler,sandwich,highland,bigr
graphics,graphic,gddr2,pci,ddr5,gddr3,gddr5,geforce,x16,agp,5870
logic,xn,koskin
sharp,aquos
milliken,rug,tailgate,schedule,highland,large,tiffany,fabrique,anji,small,chairs
travel,
logitech,m315
ball,billiard,triangle,budokai
rechargeable,rechargable,recharging,atg
premium,
epson,picturemate,durabrite,workforce,moviemate
easyshare,kodak,m763,m863,m893,c813,m341,m1063,m590,m340,m550
medium,
body,glove,earglove
metallic,cosmetallic
cones,polypropylene,polyolefine,woofer,aramid,hcl,basalt,cone,olefin,drvn,impp
innovations,fabrique,novation,gamedr,skipdr
galaxy,captivate,i717
adobe,cs5,photoshop,cs6,cs4,dreamweaver,acrobat,upsell,lightroom,teacher,upgrade
inkjet,1074,p6540y,p6674y,vivera,p6654y,1114,printers,p6510y,p6754y,jetprinter
edge,
320gb,500gb,250gb,400gb,640gb,300gb,200gb,750gb,drive,20gb,3gb
jacket,jackets,varsity,incline,prs,dlo,cleverwraps
entertainment,entertainer
switch,switcher,port
savings,98,instant,i1525,177,179,a305d,dv2815nr,s7825,178,186
gator,cases,4u,skb,polyethylene
init,
answering,dect,gigaset,waiting,expandable,9ghz,gigarange,dect2000,handset,cordless,handsets
sandisk,sanza,sansa,fuze
accessories,pelican
tube,tubes
atom,n455,n270,intel,netbook,n570,nightsky,processor,nettop,celeron
coil,ohm,ohms,voice,l7,he2,compvr,l3,fubr,baric,single
bundle,
kenwood,alpine,pioneer,clarion,naxa,bazooka
special,
cherry,
sound,soundfreaq,isound,soundcraft
electrolux,electrol,mediterranean,bosch,frigidaire
brother,brothers,mfc,dcp,frother,brotherhood,embroidery,faxes,laserjet,2170w,labeler
carrying,
office,
tablet,tablets,kyros
mixer,mixers
desk,mydesk,lapdesk
unlocked,phone
frame,memoryframe,frames,dpf
stage,lok,hickory
frost,satina,free
standard,standards
cymbal,cymbals,zildjian,sabian,zht,zbt,zxt,b8,xs20,hhx,china
lenovo,ideapad,thinkpad,ideacentre,thinkcentre,k330b,77471tu,toshiba,acer,presario,lifebook
sales,tailgate,statue,wild,toss,fabrique,wildcats,sale,chairs,boelter,notre
skullcandy,skullcrusher,hesh,lowrider,rasta,chops
brands,pangea,protoast,tumbler,fanjams,sandwich,highland
sport,
york,yankees,jets,new,giants,mets,knicks,orleans,england,francisco,patriots
south,shore,cakao,southern,vito,gascony,libra,twelve,bookbook
lighting,chauvet,fixture,fixtures,slimpar,fighting,obey,irc,dmx,blacklight,intimidator
hero,hero2,activision,aerosmith
beach,hamilton,ensemble,durathon
alarm,clock,clocky,scoreboard,zonealarm
watt,
slide,
toaster,slice,toast,protoast,roaster,slicer,bagel
starter,
gallery,frigidaire,cleansteel,bisque,maytag
suite,suited,upsell
premier,premiere
players,mp3,bb1,boombotix,ihome2go,foxl
pedal,pedals,delay,pigtronix,wah,rocktron,chorus,mxr
marine,
convertible,
chair,boomchair,baseline,chairs
vehicle,
tower,towers
zagg,invisibleshield,invisible,smudge
party,fridge
squad,geek,squadâ
polypropylene,cones,polyolefine,hcl,drvn,impp,cone,highly,aramid,basalt,olefin
stylus,
internal,serial,travelstar,ata,eternal,ssdnow,x25,ocz
play,along
macbook,bookendz,brenthaven,seethru
center,workcenter
ethernet,etherfast,mbps,gigabit,vpn,trendnet,l2,rje,linksys,prosafe,slinglink
coffee,hazelnut,cups,decaffeinated,pods,jean,decaf,baronet,coffeemaker,donut,cup
charcoal,
metal,hydride
earbuds,gumy,buds,yurbuds,aerosport,tunebuds,iclear,earbud,smokin,rasta,chicbuds
32gb,64gb,16gb,8gb,12gb
link,airplus,linksys,netgear,ethernet,11a,vpn
control,controls
grill,grills,grilling,barbecue,foreman,sandwich,griddler,char,broil
cuisinart,cuisine,greengourmet,smartpower,hamilton,aztec,wolfgang,puck,waring,gourmet,yogurt
systems,
zildjian,zht,zbt,cymbal,zxt,china,b8,cymbals,z3,5a,firth
scan,progressive,upconversion,divx,jpeg,upconvert,multiformat,vcr,sacd,govideo
replacement,ereplacements
lowepro,aw,beltpack,fastpack,trekker,tahoe,slingshot,courier
greatest,hits
behringer,eurolive,europower,xenyx,inuke,dbx,ringer
software,antares,crossgrade
pentium,i3,core,i5,intel,athlon,t2390,amd,celeron,e2180,processor
compaq,presario,cq60,cq50,cq5600y,cq5700y,cq2014,cq5814,c714nr,pavilion,cq5500y
tuner,hauppauge
conditioner,conditioners,condition,btu,000,wispy,putty,window,pint,dehumidifier,casement
reader,ereader,readers,ereaders
powered,
depth,counter,side,customstyle
definition,high,definity
chicago,cubs,blackhawks,sox,cincinnati,atlanta,cardinals,detroit,philadelphia,hawks,dallas
swivel,swivelscreen
slice,toaster,toast,protoast,slicer,belgian,waffle,roaster,dualit,bagel
shirt,thumbprint,baroque,muscle,cambria
antenna,antennas,glomex,clearstream,xmdirect,uhf
wars,clone,battlefront,galaxies,star,lightsaber,sith,darth,jedi,territory,enemy
skin,skins,musicskins,iskin
station,docking,soundstation,airstation
folio,fitfolio
nüvi,garmin,1300t,1300lmt,1300lm,nuvi,friction,255wt,1490t,205w,streetpilot
coffeemaker,cup,brew,brewstation,javastudio,bialetti,moka,melitta,saeco,carafe,mukka
electronics,directed,meelectronics,excalibur,electronic
kicker,buttkicker,naxa,compvr
counter,depth,customstyle,side,ultrafinish,satina,by,countertop
interface,axxess,retention,onstar
geek,squad,squadâ,setup
wine,cellar,bottle,vinotemp,bottled
hepa,bagless,vacuum,canister,upright,purifier,windtunnel,purifiers,vacuums,hepasilent,bagged
2007,2006,2008,2003,2004,2002,2005,2009,2001,2010
security,securicam,swann
multimedia,multimediacard
incase,
western,stern,my,passport,velociraptor,6tb,wd
strings,phosphor,boomers,wound,slinky,addario,plated,ghs,alloy,hidef,regular
otterbox,commuter,defender,defenders
invisibleshield,zagg,invisible,smudge
fire,firebowl
netgear,cisco,linksys,rangemax,gigabit,prosafe,etherfast,vpn,mimo,router,11a
hamilton,beach,cuisinart
alpha,a350k,a300k,a330,a330l,a77,a35,a230l,a200k,a55,a33
city,chiefs,kansas,royals,oklahoma,arkham,jayhawks
gloss,
geforce,nvidia,gtx,gddr3,gts,nforce,xlr8,evga,8400gs,gddr2,gddr5
d3100,d5100,d7000,d3000,s3100,s9100,a55,d3200,vrii,d5000dx,s4100
boelter,fridge,wildcats,ottawa,highland,tailgate,schedule,jayhawks,volunteers,leafs,edmonton
bush,hansen,somerset,credenza,charlestown,dragonwood,tasmanian,lateral,northfield
750gb,500gb,640gb,1tb,6gb,400gb,200gb,320gb,hard,300gb,drive
espresso,nespresso,espressione,capresso,saeco,lavazza
fujifilm,finepix,fuji,xp20,z90,xp50,z37,z70,jx310,j38,j10
recliner,berkline,armless,sofa,headliner,dolan,theaterseatstore,curved,liner,seating,leather
progressive,scan,upconversion,jpeg,upconvert,divx,multiformat
640gb,500gb,750gb,320gb,1tb,6gb,400gb,hard,5tb,300gb,200gb
signature,
creative,labs,upsell,gigaworks
call,waiting,juarez,caller,duty,mw3,hardened,callpod,gigarange
ddr3,gddr3,pc3,ddr2,10666,ddr5,10600,sdram,udimm,xms3,gddr2
master,mastercook,masters
indoor,outdoor
kindle,amazon,kobo,jivo,marware,readers,tusk,ereaders,incline,offers
telephoto,300mm,24mm,100mm,85mm,105mm,slr,500mm,70mm,usm,135mm
shelf,
packard,hewlett,photosmart,hp,c5280,deskjet
hewlett,packard,photosmart,hp,c5280,deskjet
athlon,amd,sempron,2650e,phenom,turion,x2,x4,triathlon,pentium,core
accessory,
memorex,encryptdisc
harness,wiring,1986,1985,aftermarket,1990,volkswagen,1984,1993,isuzu,1998
playback,atrac3plus,jpeg,wma,payback,decoder,mp3,changer,atrac,detachable,mosfet50
lamp,tiffany
copier,mfc,fax,c5280,jetprinter,dcp,intellifax,photocapture,imageclass,2170w,printer
line,
2004,2005,2003,2006,2002,2001,2007,2008
centrino,t2390,t2330,t2310,t5800,t5550,t5750,t2060,intel,sangria,rino
enclosure,enclosures,subwoofer,atrend,subwoofers,enclosed,sealed,ported,hatchback,bassworx,xed
nokia,cell,r225,e71,6100,lumia,phones,motorola,t720
clip,cliphanger
bagless,vacuum,hepa,canister,upright,bagged,vac,vacuums,ergorapido,windtunnel,eureka
bottle,bottled,cellar,wine,vinotemp,camelbak
shore,south,cakao,vito,headboard,lumishore,libra,gascony,dresser,mates,morgan
instructional,instruction,construction,instructor,repertoire,book,introduction,1a,leonard,handbook,hal
expansion,mansion,handset
component,components,composite,1u
executive,
finepix,fujifilm,z37,xp20,xp50,z90,z70,j10,jx310,j38,xp100
texas,longhorns,lsu,auburn,nebraska,iowa,missouri,clemson
2008,2007,2006,2009,2010,2003,2001,2004,2005,2011,2002
sennheiser,supercardioid,cardioid,lavalier,adidas
pearl,earl
upgrade,adobe,upsell,cs4,dreamweaver,cs5,acrobat,cs6
titanium,titanic
nickel,wound,hydride,plated
iron,tourmaline
aluminum,
alfred,instructional,various,adults,composers,schaum,instruction,course,1a,wesley,songbook
various,artists,composers,leonard,hal,fake,sheet,songs,songbook,famous,curious
street,prostreet,streets,hip
casio,exilim
berkline,armless,recliner,dolan,sofa,theaterseatstore,magnolia,curved,straight,right,headliner
wood,7a,5b
tour,
surge,surgearrest,outlet,outlets,surgemaster,protector,powercenter
2006,2005,2004,2003,2007,2008,2001,2010,2002,2009
2005,2004,2006,2003,2002,2001,2007,2008,2009,2010
straight,straightener,magnolia,theaterseatstore,armless,berkline,recliner,curved,headliner,seating,right
bosch,axxis,tassimo,integra,ascenta,electrolux
multifunction,multifunctional,function,copier,mfc
design,logodesign,designjet,designed,indesign
collector,collectors,guide,edition,usaopoly
lite,dsi
glass,
corsair,xms3,xms,dominator,vengeance
cleaner,cleaners,cleansing,cleandr,cleanview,scotchgard,steamvac,clean
tech,tumi,virginia,georgia
strap,kepur
promark,7a,team,5a,5b,highland
tomtom,xxl,340s,340tm,350t,gps,350tm,dashboard,330s,335le,350m
gibson,
internet,
handycam,dcr,dvd610,sr47,camcorder,sr45,sx41,dvd650,sr68,sr42,dvd108
electronic,electronics
alpine,kenwood
magenta,cyan,564xl,226,yellow
custom,
chauvet,lighting,fixture,slimpar,irc,obey,dmx,fixtures,intimidator,blacklight,par
vtech,smile
verizon,phone,gophone
linksys,cisco,netgear,rangeplus,etherfast,router,trendnet,vpn,mimo,ethernet,802
factory,factor
sanus,visionmount,foundations,omnimount,worldmount,smartmount
2009,2010,2008,2006,2011,2007,201,2005,nppl
pocket,
dimm,udimm,sodimm,pc3200,pc2,xms3,pc6400,pc3500,pc5300,pc2700,valueram
ddr2,gddr2,pc2,pc6400,pc5300,udimm,sdram,ddr3,pc2700,pc3200,dimm
later,vehicles,toyota,1990,metra,1985,isuzu,1994,volkswagen,kia,honda
samsonite,1041,dkx
radios,gmrs,mile,frs,microtalk,midland,exrs,talkabout
uniden,handsets,dect2000
seagate,freeagent,goflex,blackarmor,barracuda,3tb,maxtor,sabio,iomega,onetouch,desktops
graphite,
birthday,slaphappy,kwanzaa,cumpleaños,emotic,celebrate,hanukkah,navidad,graduation,muchas,lightful
coby,insignia,viore,sansui,magnavox,sylvania,aluratek
stick,sticky
rockford,fosgate,punch,ohms,he2,agu,farad,awg,naxa,gauge,fuses
performance,
pentax,optio,smc,sdm,40mm,50mm
fabrique,snuggie,pillow,schedule,tailgate,innovations,sales,scoreboard,wildcats,highland,milliken
personal,persona
drawer,drawers,pedestal
pillow,fabrique,snuggie,pet,shiatsu
digipower,digipro,rechargable,batteries
diamond,diamondz
bridgeable,mosfet,multichannel,bridging,crossovers,variable,ab,760w,1800w,selectable,mono
style,
tablets,tablet,xoom,tf101,excite
solar,birdbath,lantern
secure,sdxc,uhs,sdhc,microsdhc
piano,lesson
action,faction
heart,rate,watch,t6d,veteran,t3d,hearts
extreme,
contract,no,contractor,metropcs,zte,cricket,virgin,net10,kajeet,mifi,gophone
right,rights,left,berkline,armless,rightway,straight
force,forces,nforce
machine,machines
back,1000va
aspire,acer,travelmate
acoustik,fubr,farad,naxa
slim,
minnesota,tampa,twins,philadelphia,atlanta,braves,colorado,milwaukee,phillies,timberwolves,cincinnati
2010,2011,2009,2006,2012,201,2008,2013,2007,2003,2005
kitty,hello
wallet,koskin
sirius,siriusxm,siriusconnect,radio,xm,starmate,satellite,xmp3
600hz,480hz,240hz,120hz,60hz,viera,1080p,plasma,tcl,ambilight,720p
snap,a855
print,
outlet,outlets,surgemaster,surge,surgearrest,panamax,electrical,powercenter
handheld,
hello,kitty
vintage,tremar,trembucker
hosa,xlr3f,tsf,trs,rcaf,xlr3m,beatport,speakon,cablelinks,xlr,neutrik
flip,minohd
limited,limiter,unlimited
twin,
solo,
schedule,fabrique,veteran,watch,time,glitz,milliken,highland,tailgate,snuggie,fridge
form,treadmill
floor,floors,floormate
discs,minidiscs,dx103,dvd610,dvd108,vdr,digitalmovie,d50,encryptdisc,dvd650,jewel
corded,telephone,cortelco,waiting,telemania,answering,clearsounds,dect,telephones,speakerphone,trimline
cooker,slow,rice,multicooker,cuckoo,skillet,quart,crock
live,
king,
hoover,windtunnel,bissell,steamvac,vacuum,bagged,vacuums,carpet,filtrete,spinscrub,detergent
512mb,256mb,1gb,896mb,ddr2,gddr2,agp,mushkin,pc2700,64mb,8400gs
boston,bruins,celtics,sox,philadelphia,ucla,cubs,phillies,utah,angeles,houston
angeles,los,angels,dodgers,lakers,angelz,phillies,padres,anaheim,badgers,milwaukee
55mm,vrii,lens,f3,c3k,slr,135mm,a55,polarizing,a77,28mm
coaxial,drvn,polyolefine,rg6,cones,polypropylene,composite,kevlar,mica,olefin,impp
blender,smartpower,speed,blend
keyscaper,siskiyou,fanjams,keyset
ford,lincoln,1998,volkswagen,1997,mazda,nissan,1985,1984,vehicles,later
washington,pittsburgh,redskins,orleans,iowa,arizona,capitals,florida,miami,carolina,tennessee
choice,
250mm,t4i,300mm,135mm,eos,dlsr,200mm,t3i,100mm,t2i,60d
250gb,320gb,500gb,400gb,160gb,640gb,20gb,300gb
volume,volumes,vol
global,trademark,toppers
dragon,eragon,dragons,dragonfly,dragonwood,naturallyspeaking,tenkaichi,tenchu
dance,dancing
bissell,proheat,hoover,carpet,cleansing,cleanview,oxy,mops,scotchgard,windtunnel,dustbuster
auto,
version,versions
crash,bandicoot,hhx,zbt,sabian,oriental,ride,aax,b8
bronze,phosphor
wide,angle,ultrawide,dualit,8d
mint,highland,framed,commemorative,gridiron,rink
just,
hand,
devices,
jensen,
everio,gzmg330aus,gzmg330rus,gzmg330hus,gzmg130us,gz,gzmg360bus,gzms230,ms230,ms110,jvc
business,
polk,atrium,blackstone
delonghi,kmix,safeheat,krups,ikon,fryer
bravia,sxrd,xbr,regza,aquos,240hz,hz,hdtv,sony,upconvert,clearscan
weather,weatherband,weathered,weatheready,forecast,noaa
toner,laserjet,ecotoneplus,yield,p1006,faxes,printers,cartridge,2170w,dcp,jetprinter
tools,tool,crossgrade
satin,
point,pointe,points
console,consoles
2003,2004,2002,2005,2006,2007,2001,2008,2010
seat,theaterseatstore,seating,magnolia,curved,headliner
quart,multicooker,slow,skillet,stockpot,qt,nonstick,stir,cooker
pouch,pouches
poker,chip,em,chips,dealing
pickup,pickups,pickguard,humbucker,humbucking,soapbar,duncan,alumitone,emg,jb,trembucker
niles,balun,os6,soundfield,os5,musica,hometech,speakercraft,russound
matte,
gmrs,mile,frs,talkabout,microtalk,radios,midland,gmr,activation
bike,bikes
laserjet,toner,p1006,officejet,deskjet,dcp,mfc,colorsphere,faxes,2170w,564xl
true,
heater,safeheat,oscillating,halogen,honeywell,heated,vornado,eater,lifesmart,btu,putty
family,
soft,
scoreboard,clock,fabrique,hawkeyes,team,america,angler,alarm,wildcats,schedule,tailgate
leapfrog,leapster2,leapster,leappad,didj,tag,storybook
fosgate,rockford,ohms,punch,he2,awg,agu,farad,gauge
ceiling,soundfield
midnight,
lumix,fh5,zs8,fh24,dmc,gf3kk,gf2,zs10,f3,s50k,l26
glasses,basses
designs,salamander,barcelona,elba,ak,oslo,corsica,chameleon,237,geneva,designjet
8ghz,9ghz,06ghz,2ghz,6ghz,answering,gigarange,dect2000,3ghz,0ghz,expandable
serial,ata,internal,ssdnow,sata,ocz,rs232,desktops,240gb,eide,scorpio
quad,
magellan,roadmate,gps,5045,3045,1424,lm,4250,3065,meridian,2036
1000w,000w,500w,4000w,800w,3000w,1200w,900w,1100w,1800w,750w
university,univ,collegiate,varsity,ohio,illinois,nittany,louisiana
slimline,trimline,1114,s5610y,s5510y,p6520y,p6510y,s5704y,1014,s5730y,p6654y
grip,gripz
detroit,tigers,jayhawks,bengals,cubs,lions,cardinals,cincinnati,louis,atlanta,falcons
cyan,magenta,564xl,cartridge,564,durabrite,faxes,100xl,901,chromalife100,vizix
pass,through,945w,875w,665w,840w,735w,375w,770w
motherboard,2133mhz,1066mhz,1155,1066,lga,gigabyte,533mhz,1333,1866mhz,matx
elph,powershot,sx230hs,300hs,230hs,sd780,sd1400is,a2200,sd1200,sx260,sd1100is
bell,
spindle,encryptdisc,52x,lightscribe,digitalmovie,16x,48x,12x,printable,18x,24x
philadelphia,phillies,atlanta,tampa,minnesota,flyers,eagles,cubs,bruins,boston,cleveland
navy,
highland,framed,mint,gridiron,rink,commemorative,coins,infield,etched,psg,milliken
bose,acoustimass,lifestyle,soundlink,sounddock
sonic,sonicare
2011,2010,2012,201,2009,2008,2013
sunburst,honeyburst,burst,amberburst,maxxfly,wd7s,alvarez,synyster,tobacco,placid,parlor
mile,frs,gmrs,talkabout,microtalk,radios,midland,activation,backlit
racing,
kingston,crucial,datatraveler,ssdnow,hyperx,valueram,109,mushkin,pc3500
curved,theaterseatstore,headliner,seating,armless,recliner,berkline,magnolia,seat,straight,dolan
adventure,adventures,advent,venture,seaworld
miami,washington,tennessee,kansas,florida,cincinnati,ohio,dolphins,minnesota,arkansas,iowa
handset,handsets,dect2000,gigaset,dect,kx,tg6051,answering,expandable,gigarange,telephone
duty,warfare,call,heavy
carolina,florida,pittsburgh,tennessee,arizona,arkansas,michigan,utah,panthers,oklahoma,wisconsin
brushed,
support,jamstands,ultimate
socket,lga,1155,1066mhz,motherboard,1866mhz,am3,1366,1066,2133mhz,775
quickbooks,payroll,nonprofit,property,scrapbooks,quicken,accounting,accountant,mappoint,systemworks,users
messenger,wenger
energizer,energi
dirt,devil
buffalo,bills,sabres,panthers,packers,denver,orleans,colts,ravens,washington,steelers
wire,
bookshelf,floorstanding,each,speakers,martinlogan
prepaid,airtime,tracfone,net10
boombox,boombotix,atrac3plus,psyc,minimove,am,fm,radio,kermit,atrac
dreadnought,dreadnaught,alvarez,wd10,takamine,cutaway,apx,classical,acoustic,wd7s,wd20
cutaway,string,dreadnought,alvarez,c7,honeyburst,wd10,guitar,wd7s,auditorium,exotica
complete,komplete
cellular,r225,tecnozone,cel,cellstar,cellsuit,6100
affinity,
window,wispy,btu,conditioner,casement,hanover
spacemaker,ovens,microwave,inglis,advantium,microwaves,hotpoint,proctor
rate,heart,t6d,suunto,watch,cardiac,t3d,pedometer,sportline,unisex,forerunner
projection,projecta,projector,projectors,dlp,projects,project,sxrd
order,bisque
glove,earglove,body,scuba,cellsuit
glossy,brochure,ilford
analog,
silicone,silicon
layer,18x,24x,22x,12x,8x,20x,rw,16x,lightscribe,6x
256mb,512mb,collegiate,pc133,64mb,univ,896mb,mushkin,pc2100
seating,theaterseatstore,magnolia,seat,heating,curved,ottoman,armless,concepts,recliner,dolan
research,search,acoustic,decor
magic,magical
gear,
device,
washburn,wd10,wd20,wd7s,auditorium,honeyburst,parker,parlor,alvarez,string,maxxfly
food,slicer,cup
deep,fryer
cooler,kühler,notepal,intercooler
battle,battles,battleship,battlefront
advanced,
tiffany,tailgate,lamp,company,milliken,fabrique,highland,schedule,rink,fridge,glitz
nvidia,geforce,8400gs,nforce,xlr8,gtx,470,gts,gddr3,zotac,xfx
multicolor,multicolored,tricolor,magicolor
jewel,encryptdisc,discs,egypt,digitalmovie
docking,station,stocking
1000,1000hdx
space,xspace,spacer
furniture,whalen,cliff,chateau
firewire,esata,1394,cardbus
wiring,harness,1986,1985,1990,1984,1982,isuzu,1987,1992,volkswagen
charging,recharging,charge,inductive
caller,id,waiting,call,visys,answering,clearsounds,cortelco,gigaset,dect,speakerphone
sims,mysims,stuff,castaway,aquazone
industries,industriell,industry,forward
cord,wiremold
basic,recital
audiovox,
norton,systemworks,antispam,virus,virusscan,user,antivirus,symantec,antispyware,nonprofit,cillin
table,tabletop
shield,shields,snapshield
road,
pedestal,pedestals,laundry,drawer
other,
motion,motionplus,inmotion,motif,teknmotion
sprint,sprinter,mobile
laundry,washer,washers,dryer,dryers,cycle,pedestal,steamwasher,pedestals,vermilion,tuscan
celestron,celestion,microscope,telescope,telescopes,astromaster,refractor,newtonian,altazimuth,bushnell,nexstar
salamander,designs,elba,barcelona,corsica,oslo,chameleon,geneva,237,berlin,madrid
kansas,arkansas,cincinnati,chiefs,royals,oklahoma,tennessee,arizona,jayhawks,louisville,clemson
arizona,cardinals,louisville,kansas,arkansas,carolina,louis,cleveland,tennessee,washington,bengals
vented,externally,hood,oriented,canopy,allure
toss,tailgate,sales,schedule,barbecue,tiffany,angler,scoreboard
hands,tecnozone,ccm,handshoe,free,clearvox,i50sx,parrot,i55sr,i95cl
grand,gran,wd7s
gddr5,ddr5,gddr3,gddr2,5870,5670,470,radeon,gtx,4350,x16
diego,padres,san,francisco,49ers,chargers,cubs,twins,phillies,braves,kansas
onyx,
monochromatic,satina,cleansteel,ice2o,superba,look,side,ultrafinish,stainless,architect,chromatic
devil,dirt
ceramic,tourmaline,chi,styling
turion,amd,x2,ql,athlon,tk,rm,2650e,sempron,t2310,core
supply,eps12v,atx12v,tr2,eps,cpu,atx
essentio,cm5671,cm5675,cm1630,cm1740,cg1330,cm1730,cm6850,01e,05,i580
enabled,waas,bluetrek,blueant
printers,faxes,jetprinter,toner,ecotoneplus,mvm,printer,901,remanufactured,564xl,cartridge
presario,compaq,cq5600y,cq5700y,cq5814,cq5500y,cq60,cq2014,sempron,211dx,cq50
lexmark,vizix,ink,100xl,jetprinter,copier,nextlife,dcp,cartridge,officejet,pixma
kalorik,aztec,breville,maya,tangerine,7l,jug
fridge,boelter,schedule,fabrique,party,ottawa,seminoles,tiffany,wildcats,tailgate,cougars
cincinnati,kansas,reds,bengals,cubs,atlanta,arkansas,louisville,tennessee,royals,chiefs
carry,
atlantic,oskar,mediawerks,windowpane,nestable
evolution,revolution,absolution,ecolution
denon,875w,910w,735w,onkyo,nanosat,525w,770w,630w,marantz
d5100,d7000,d3100,a55,vrii,d3200,d700,d3000,d5000dx,t3i,a35
camcorders,camcorder,recorders,cameras,palmcorder
pittsburgh,steelers,carolina,washington,orleans,penguins,dallas,houston,florida,philadelphia,panthers
direct,xmdirect,dvdirect,directv,clearstream
dart,billiard,pine,triangle,dartboard,darts,trademark,grizzlies
bodum,bistro,pavina,porcelain,chambord,walled,mug,bean,melitta,jug,brazil
billiard,triangle,cue,trademark,dart,games,tcu,ball,pine,rack,grizzlies
training,trainz,camp
schmidt,oscar,alvarez,reissue,autoharp,requinto,skyprodigy,parlor,cassegrain,flamenco,savarez
droid,devour,a957,razr,captivate,a855,htc,atrix,backflip,photon,fascinate
photosmart,packard,deskjet,hewlett,c5280,b1h,photos,scanjet,copier
peavey,pv,vypyr,px
mario,wario,senario,donkey,bros,luigi
klipsch,quintet,525w
island,islanders
giants,jets,francisco,49ers,yankees,york,mets,saints,orleans,padres,rangers
explorer,explorers,dora
datel,
adventures,adventure,advent,seaworld
sanyo,
phenom,amd,athlon,x4,x6,sempron,am2,am3,core,pentium,processor
oscar,schmidt,alvarez,reissue,autoharp,requinto,parlor,wd20,qm,flamenco,wd10
nylon,
infinity,infinite,infinia,kappa,infiniti
gigabit,l2,etherfast,vpn,mbps,router,trendnet,rangemax,prosafe,ethernet,netgear
front,homefront
conair,hair,styler,1875,straightener
cardinals,louis,rams,bengals,arizona,reds,louisville,cubs,cincinnati,seahawks,redskins
attaché,collegiate
theaterseatstore,magnolia,headliner,curved,seating,seat,armless,berkline,recliner,straight,dolan
soccer,fifa,pes,pga,winning,eleven,mitre
module,modules,modulr
mist,
legend,zelda,legendary,legends
fellowes,
atlanta,cincinnati,philadelphia,cubs,tampa,minnesota,braves,kansas,phillies,cleveland,seahawks
tampa,bay,rays,buccaneers,minnesota,philadelphia,atlanta,packers,cincinnati,milwaukee,seattle
radar,detector,radome,detectors,gmr,scrambler,nso
maple,leafs
louis,cardinals,rams,st,arizona,louisville,bengals,reds,cubs,kansas,cincinnati
gauge,awg,rockford,fosgate,anl,agu
essential,essentials
cool,
tiffen,82mm,77mm,72mm,67mm,52mm,812,62mm,polarizing,ultraclear,58mm
riot,outfitters,bullseye
polaroid,
64gb,32gb,16gb
tailgate,sales,toss,statue,tiffany,milliken,fabrique,schedule,baseline,rug,chairs
student,teacher,teaches,cs4,dreamweaver,cs6,lightroom
life,
lego,continues
faceplate,detachable
radeon,5670,5870,ati,5450,4350,gddr5,ddr5,xfx,5770,gddr2
francisco,san,49ers,giants,padres,diego,cincinnati,yankees,louis,colts,jacksonville
externally,hood,vented,canopy,broan,hoods,allure,recirculating,mcnally,accubake
extension,tension
colorado,rockies,avalanche,minnesota,cubs,maryland,portland,arkansas,milwaukee,tampa,atlanta
plantronics,headset,headsets,jabra,backbeat,gamecom,earset
level,levels
effects,effect,rocktron
clancy,splinter,tomorrow,recon,endwar,tom,warfighter,conviction,pandora,ghost
shredder,crosscut,microcut,shred,goecolife,powershred
night,
image,sharper,imageclass
haier,danby
golf,golfbuddy,golfer,sonocaddie,medalist
fusion,
efficiency,washer,cycle,steamwasher,cabrio,breakwater,steamdryer,colossal,mediterranean,bravos,chardonnay
dynamic,dynamics,beyerdynamic,cardioid,supercardioid,dynamism,condenser
duet,
cobra,
oregon,scientific,iowa,nebraska,ohio,alabama,rutgers,syracuse,lsu,kentucky,arkansas
neon,
album,
keys,sensitive,privia,keyset,61,arius,88,76
keurig,cups,timothy,hazelnut,colombian,starbucks,brewer,barista,roast,mukka,molto
framed,highland,commemorative,gridiron,rink,coins,stadium,mint,etched,infield,court
cone,cones,polypropylene,polyolefine,highly,oriented,drvn,woofer,hcl,impp,basalt
care,
women,men,kerri
honda,toyota,vehicles,later,acura,1990,1998,isuzu,volkswagen,lexus,1996
rico,reedgard,puerto,barbecue,reeds,decal
princess,princesses,prince,disney,tinkerbell
gamer,gamers,ibuypower,gamerpro
easy,
cellar,bottle,wine,bottled,vinotemp,enthusiast
barska,10x42,binocular,anchormaster,bars,7x50,spotting,binoculars,scope
xentris,a957,a855,eris,i717,indulge,6300,env3
vacuums,vacuum,filtrete,canister,eureka,exhaust,bags,vac,bagless,hepa,allergen
safe,sentrysafe,biometric
receivers,receiver,receive,xmp3,gps,skycaddie,delphi,1490t,meridian,tomtom,1300t
multiformat,jpeg,upconversion,scan,18x,1080i,progressive,divx,vcr,22x,upconvert
happy,slaphappy,hanukkah,kwanzaa,father,cumpleaños,nappers,feliz,reyes,celebration,celebrate
eureka,vacuums,vacuum,filtrete,bagless,hepa,bagged,upright,dcf
defender,defenders,otterbox,commuter,defense
baseball,2k11,major,2k12,2k9,2k8,2k3,2k5,2k6,2k7,basketball
waterproof,proof,waas,lifeproof
sigma,dg,hsm,macro,f,usm,500mm,telephoto,apo,ultrawide,8d
press,sandwich,tumbler
optoma,ezpro,dmd,vivitek,dlp,wxga,projector,svga,infocus,projectors,3lcd
midi,synthesizer
logo,chairs
drums,drum,dw,drumfire,drummer,snare
chest,chester
transmitter,transdock,emitter,tunebase,tunecast,icarplay
revolution,evolution,absolution
razer,blackwidow,goliathus,onza,deathadder,naga
movie,movies,moviebox
mono,bridging,variable,bridgeable,crossovers,multichannel,monolight
made,acme,cinemanow
final,finale,fantasy,phantasy,criminal,xi
detachable,mosfet50,52w,45w,faceplate,deck,atrac3plus,face,55w,playback,aiwa
commuter,otterbox,defender,9810,defenders,9780
variable,multichannel,bridgeable,crossovers,mosfet,bridging,mono,ab,selectable,crossover,multicoated
spongebob,squarepants,squarepantis,sponge,pants,globs
quest,conquest,everquest
madden,nfl,steve,fifa,fame
grade,grader
freeagent,seagate,goflex,blackarmor,barracuda,greendrive,sabio,3tb,drivestation,storcenter,iomega
drives,greendrive,drivestation,skatedrive,surfdrive,qs,snowdrive
active,
walkman,atrac,psyc,minidisc,atrac3plus,fuze
upconversion,upconvert,scan,jpeg,progressive,multiformat,conversion,1080i,divx,inversion,vcr
sauder,credenza,gruga,orchard,armoire,charlestown,chateau
4ghz,0ghz
240hz,480hz,120hz,600hz,1080p,unisen,60hz,hz,xbr,quattron,tcl
2000,
toyota,later,vehicles,1990,honda,corolla,1984,1985,volkswagen,1982,1998
sunpak,monopod,platinumplus,monolight,62mm,polarizer,37mm,softbox
numark,cdmix,dj
multi,
mitsubishi,sxrd,dlp,subaru,1993,unisen
emachines,machines,sempron,presario,01e,el1352,el1850,cq5700y,cq5600y,cq5500y,2650e
candy,candyshell
broan,hood,externally,allure,hoods,intermediate,downdraft,recirculating
speck,seethru,fabshell,candyshell,specked,softshell
slip,slipcase,slipskin,sleeve,1005hab
shure,cad,windscreen,cardioid,supercardioid,gooseneck,mxl,condenser
shop,paintshop
seen,as,wees
sdram,udimm,pc133,gddr2,ddr2,valueram,pc3200,pc6400,dimm,mushkin,pc3500
punch,rockford,fosgate,ohms,he2,bunch
honeywell,quietcare,oscillating,ionizer,bionaire,heater
fuel,
dead,deadly
crossover,crossovers,multichannel,bridgeable,variable,selectable,mosfet
cooling,notepal,tricool
spider,spiderwick,spiderman,man
simple,simply,isimple
sdhc,microsdhc,uhs,sdxc,secure,fh24
planet,planetside,able
passport,western,my
turntable,turntables
slot,dualit
royal,sovereign
randall,mts,18w,kg,35w,kxb,kirk,hammett,valvetronix,hartke,blackheart
filtrete,vacuums,3m,allergen,belts,eureka,filtration,dcf,vacuum,hoover,exhaust
fantasy,phantasy,final,xi,fantastic,xii,xiii
converter,teleconverter,inverter
160gb,60gb,120gb,250gb,80gb,20gb
turbo,turbokits,turbopower
technica,technical,technics,cardioid,supercardioid,condenser,lavalier,diaphragm,cardio,superbudz
rolling,
rangers,mets,yankees,milwaukee,giants,ranger,dodgers,rays,cubs,padres,york
heroes,skyheroes
100w,1100w,320w,120w,200w,900w,300w,420w,20w,400w,150w
model,modeler
karaoke,singing
gofit,stability,medicine,dumbbell,weight,weights
drop,gumdrop
designer,designed
nissan,vehicles,1984,1989,1993,1985,toyota,metra,1990,volkswagen,1982
gumy,aerosport,earbuds,iclear,tunebuds,marshmallow,smokin,yurbuds,coconut,buds
curve,8530,blackberry,8520,8310,8330,8900,9630,8320,9780,9530
clarion,kenwood
briefcase,brief,gusset
subwoofers,subwoofer,enclosure,enclosures,l7,ohms,ohm,atrend,compvr,bandpass,sub
smooth,smoothie
slider,
learning,learn,didj
gopro,hero2,antifog,mounts,handlebar,wearable,suction
florida,michigan,iowa,carolina,wisconsin,alabama,ohio,louisiana,kentucky,purdue,arkansas
condenser,cardioid,diaphragm,microphones,supercardioid,mxl,microphone,technica,multipattern,vocal,dynamic
boost,zboost,booster
beats,dre,heartbeats,dr
tote,
speakerphone,waiting,caller,polycom,conferencing,cortelco,soundstation,clearsounds,ccm,corded
fitness,
carbon,fiber
technologies,currie,izip
readers,ereaders,reader,ereader,nookcolor,nook,verso,prs,kobo,kindle,barnes
purifier,purifiers,hepasilent,ionizer,blueair,whispure,hepa,smokestop,plasmacluster,winix,zōn
outfitters,riot,bullseye,outfit,powerduo
kids,kidz
cellstar,cellsuit,cell,cellstik,r225,a620,startac,cellular,kyocera,6100,tecnozone
year,years
westinghouse,dpf,viore
user,users,virusscan,mcafee,norton,systemworks,symantec,virus,antispam,antivirus,etrust
shoulder,should,dlsr,slingshot
russound,os5,os6,niles,hometech
ihome,ihome2go,kermit,minnie,hmdx,ilive
file,federal,lateral
feliz,día,cumpleaños,felices,navidad,slaphappy,kwanzaa,reyes,muchas,lawnmower,digitally
champion,champions,champ,treasures,championship
camp,glitz,training,schedule,time,veteran
waiting,caller,id,answering,visys,cortelco,call,gigarange,clearsounds,trimline,gigaset
razor,razors,scooter,norelco,v17,shavers,shaver,epilator,shaving
pine,dart,billiard,triangle
noise,canceling,cancelling,isolating,hush
musicskins,explodingdog,skin,eyed,skins,wayne,benny,hunger,iskin,peas,jay
